name,price,review_count,rating,rounded_rating,content_rating,genres,platform,rating-2,rounded_rating-2,review_count-2,price-2,content_rating-2,genres-2,platform-2,Expected_app_life,purchase_price,net_income_lifespan
Super Mario Run,$0.00 ,87958,2.5,2.5,4+,Games,IOS,3.7,3.5,1221896,$0.00 ,Everyone,Action,GOOGLE,7,10000,"$326,000.00 "
Battlefield™ Companion,$0.00 ,689,2.5,2.5,12+,Social Networking,IOS,4,4,263907,$0.00 ,Everyone 10+,Action,GOOGLE,7.5,10000,"$350,000.00 "
diep.io,$0.00 ,9397,4,4,9+,Games,IOS,4.1,4,347883,$0.00 ,Everyone,Action,GOOGLE,9,10000,"$422,000.00 "
DRAGON BALL Z DOKKAN BATTLE,$0.00 ,5362,4,4,9+,Games,IOS,4.1,4,650114,$0.00 ,Teen,Action,GOOGLE,9,10000,"$422,000.00 "
slither.io,$0.00 ,107817,3.5,3.5,4+,Games,IOS,4.4,4.5,5234162,$0.00 ,Everyone,Action,GOOGLE,9,10000,"$422,000.00 "
Agar.io,$0.00 ,176514,4.5,4.5,9+,Games,IOS,4.2,4,3816799,$0.00 ,Everyone,Action,GOOGLE,9.5,10000,"$446,000.00 "
Tiny Archers,$0.00 ,568,4,4,12+,Games,IOS,4.5,4.5,80678,$0.00 ,Mature 17+,Action,GOOGLE,9.5,10000,"$446,000.00 "
Tomb of the Mask,$0.00 ,8054,4.5,4.5,9+,Games,IOS,4.1,4,55380,$0.00 ,Everyone,Action,GOOGLE,9.5,10000,"$446,000.00 "
Bullet Force,$0.00 ,9289,4.5,4.5,17+,Games,IOS,4.5,4.5,634159,$0.00 ,Teen,Action,GOOGLE,10,10000,"$470,000.00 "
Call of Duty®: Heroes,$0.00 ,179416,4.5,4.5,12+,Games,IOS,4.4,4.5,1604146,$0.00 ,Teen,Action,GOOGLE,10,10000,"$470,000.00 "
Dude Perfect 2,$0.00 ,28361,4.5,4.5,4+,Games,IOS,4.5,4.5,401425,$0.00 ,Everyone,Action,GOOGLE,10,10000,"$470,000.00 "
Hungry Shark World,$0.00 ,24057,4.5,4.5,12+,Games,IOS,4.5,4.5,1242855,$0.00 ,Teen,Action,GOOGLE,10,10000,"$470,000.00 "
Injustice: Gods Among Us,$0.00 ,612532,4.5,4.5,12+,Games,IOS,4.4,4.5,2440877,$0.00 ,Teen,Action,GOOGLE,10,10000,"$470,000.00 "
MARVEL Contest of Champions,$0.00 ,233599,4.5,4.5,12+,Games,IOS,4.3,4.5,2468063,$0.00 ,Teen,Action,GOOGLE,10,10000,"$470,000.00 "
MORTAL KOMBAT X,$0.00 ,114475,4.5,4.5,17+,Games,IOS,4.4,4.5,3039889,$0.00 ,Mature 17+,Action,GOOGLE,10,10000,"$470,000.00 "
Shadow Fight 2,$0.00 ,99206,4.5,4.5,12+,Games,IOS,4.6,4.5,10979062,$0.00 ,Everyone 10+,Action,GOOGLE,10,10000,"$470,000.00 "
Smashy Road: Arena,$0.00 ,3207,4.5,4.5,9+,Games,IOS,4.3,4.5,45558,$0.00 ,Everyone 10+,Action,GOOGLE,10,10000,"$470,000.00 "
Swamp Attack,$0.00 ,16968,4.5,4.5,17+,Games,IOS,4.4,4.5,2119218,$0.00 ,Everyone 10+,Action,GOOGLE,10,10000,"$470,000.00 "
Temple Run 2,$0.00 ,295211,4.5,4.5,9+,Games,IOS,4.3,4.5,8118609,$0.00 ,Everyone,Action,GOOGLE,10,10000,"$470,000.00 "
War Robots,$0.00 ,97122,4.5,4.5,12+,Games,IOS,4.6,4.5,3073251,$0.00 ,Everyone 10+,Action,GOOGLE,10,10000,"$470,000.00 "
Zombie Catchers,$0.00 ,16805,4.5,4.5,12+,Games,IOS,4.7,4.5,990491,$0.00 ,Everyone,Action,GOOGLE,10,10000,"$470,000.00 "
OK K.O.! Lakewood Plaza Turbo,$0.00 ,430,4.5,4.5,9+,Games,IOS,4.5,4.5,76608,$0.00 ,Everyone 10+,Action;Action & Adventure,GOOGLE,10,10000,"$470,000.00 "
Pokémon GO,$0.00 ,257627,3,3,9+,Games,IOS,4.1,4,10424925,$0.00 ,Everyone,Adventure,GOOGLE,8,10000,"$374,000.00 "
Ao Oni2,$0.00 ,7,4,4,12+,Games,IOS,4.1,4,21223,$0.00 ,Teen,Adventure,GOOGLE,9,10000,"$422,000.00 "
Ingress,$0.00 ,2739,3.5,3.5,9+,Games,IOS,4.3,4.5,391325,$0.00 ,Everyone,Adventure,GOOGLE,9,10000,"$422,000.00 "
MARVEL Avengers Academy,$0.00 ,17376,4,4,9+,Games,IOS,4.2,4,304106,$0.00 ,Teen,Adventure,GOOGLE,9,10000,"$422,000.00 "
ROBLOX,$0.00 ,183621,4.5,4.5,12+,Games,IOS,4.5,4.5,4447388,$0.00 ,Everyone 10+,Adventure;Action & Adventure,GOOGLE,10,10000,"$470,000.00 "
PAC-MAN,$0.00 ,508808,3,3,4+,Games,IOS,4.2,4,685981,$0.00 ,Everyone,Arcade,GOOGLE,8,10000,"$374,000.00 "
Angry Birds Friends,$0.00 ,23655,4,4,4+,Games,IOS,4.2,4,829753,$0.00 ,Everyone,Arcade,GOOGLE,9,10000,"$422,000.00 "
Angry Birds Space HD,$0.00 ,39502,4,4,4+,Games,IOS,4.5,4.5,43645,$0.00 ,Everyone,Arcade,GOOGLE,9.5,10000,"$446,000.00 "
Endless Ducker,$0.00 ,639,4,4,4+,Games,IOS,4.5,4.5,8193,$0.00 ,Everyone,Arcade,GOOGLE,9.5,10000,"$446,000.00 "
Angry Birds Rio,$0.00 ,170843,4.5,4.5,4+,Games,IOS,4.4,4.5,2610526,$0.00 ,Everyone,Arcade,GOOGLE,10,10000,"$470,000.00 "
Angry Birds Star Wars,$0.00 ,34138,4.5,4.5,4+,Games,IOS,4.3,4.5,1218055,$0.00 ,Everyone,Arcade,GOOGLE,10,10000,"$470,000.00 "
Cooking Fever,$0.00 ,107797,4.5,4.5,4+,Games,IOS,4.5,4.5,3197865,$0.00 ,Everyone,Arcade,GOOGLE,10,10000,"$470,000.00 "
Fruit Ninja®,$0.00 ,327025,4.5,4.5,4+,Games,IOS,4.3,4.5,5091448,$0.00 ,Everyone,Arcade,GOOGLE,10,10000,"$470,000.00 "
Geometry Dash Meltdown,$0.00 ,117470,4.5,4.5,4+,Games,IOS,4.6,4.5,1591129,$0.00 ,Everyone,Arcade,GOOGLE,10,10000,"$470,000.00 "
Geometry Dash World,$0.00 ,5114,4.5,4.5,4+,Games,IOS,4.6,4.5,760628,$0.00 ,Everyone,Arcade,GOOGLE,10,10000,"$470,000.00 "
Hungry Shark Evolution,$0.00 ,83784,4.5,4.5,12+,Games,IOS,4.5,4.5,6074334,$0.00 ,Teen,Arcade,GOOGLE,10,10000,"$470,000.00 "
Jetpack Joyride,$0.00 ,405647,4.5,4.5,9+,Games,IOS,4.4,4.5,4638163,$0.00 ,Everyone 10+,Arcade,GOOGLE,10,10000,"$470,000.00 "
Nyan Cat: Lost In Space,$0.00 ,76392,4.5,4.5,4+,Games,IOS,4.5,4.5,371318,$0.00 ,Everyone 10+,Arcade,GOOGLE,10,10000,"$470,000.00 "
Pineapple Pen,$0.00 ,6430,4.5,4.5,4+,Games,IOS,4.3,4.5,157264,$0.00 ,Everyone,Arcade,GOOGLE,10,10000,"$470,000.00 "
Smash Hit,$0.00 ,126233,4.5,4.5,4+,Games,IOS,4.5,4.5,4147718,$0.00 ,Everyone,Arcade,GOOGLE,10,10000,"$470,000.00 "
Sonic Dash,$0.00 ,418033,4.5,4.5,4+,Games,IOS,4.5,4.5,3778921,$0.00 ,Everyone,Arcade,GOOGLE,10,10000,"$470,000.00 "
Subway Surfers,$0.00 ,706110,4.5,4.5,9+,Games,IOS,4.5,4.5,27722264,$0.00 ,Everyone 10+,Arcade,GOOGLE,10,10000,"$470,000.00 "
Super Jabber Jump,$0.00 ,612,4.5,4.5,4+,Games,IOS,4.3,4.5,85882,$0.00 ,Everyone,Arcade,GOOGLE,10,10000,"$470,000.00 "
Temple Run,$0.00 ,1724546,4.5,4.5,9+,Games,IOS,4.3,4.5,4000433,$0.00 ,Everyone,Arcade,GOOGLE,10,10000,"$470,000.00 "
Zombie Tsunami,$0.00 ,31311,4.5,4.5,4+,Games,IOS,4.4,4.5,4920817,$0.00 ,Everyone 10+,Arcade,GOOGLE,10,10000,"$470,000.00 "
Fernanfloo,$0.00 ,2886,4.5,4.5,9+,Games,IOS,4.8,5,526595,$0.00 ,Everyone 10+,Arcade,GOOGLE,10.5,10000,"$494,000.00 "
Geometry Dash Lite,$0.00 ,370370,5,5,4+,Games,IOS,4.5,4.5,6181640,$0.00 ,Everyone,Arcade,GOOGLE,10.5,10000,"$494,000.00 "
Shopkins World!,$0.00 ,3047,4,4,4+,Games,IOS,4.3,4.5,169609,$0.00 ,Everyone,Arcade;Action & Adventure,GOOGLE,9.5,10000,"$446,000.00 "
Disney Crossy Road,$0.00 ,38571,4.5,4.5,4+,Games,IOS,4.5,4.5,514088,$0.00 ,Everyone,Arcade;Action & Adventure,GOOGLE,10,10000,"$470,000.00 "
Infinite Painter,$0.00 ,65,4,4,4+,Productivity,IOS,4.1,4,36815,$0.00 ,Everyone,Art & Design,GOOGLE,9,10000,"$422,000.00 "
Rolling Sky,$0.00 ,30670,4.5,4.5,4+,Games,IOS,4.5,4.5,1117212,$0.00 ,Everyone,Board,GOOGLE,10,10000,"$470,000.00 "
RISK: Global Domination,$0.00 ,5217,4,4,9+,Games,IOS,4,4,68559,$0.00 ,Everyone,Board;Action & Adventure,GOOGLE,9,10000,"$422,000.00 "
Bible,$0.00 ,985920,4.5,4.5,4+,Reference,IOS,4.7,4.5,2440695,$0.00 ,Teen,Books & Reference,GOOGLE,10,10000,"$470,000.00 "
AirWatch Agent,$0.00 ,1150,2.5,2.5,4+,Business,IOS,3.1,3,20973,$0.00 ,Everyone,Business,GOOGLE,6.5,10000,"$302,000.00 "
Uber Driver,$0.00 ,3289,3,3,4+,Business,IOS,4.4,4.5,1254730,$0.00 ,Everyone,Business,GOOGLE,8.5,10000,"$398,000.00 "
ADP Mobile Solutions,$0.00 ,8324,4,4,4+,Business,IOS,4.3,4.5,85185,$0.00 ,Everyone,Business,GOOGLE,9.5,10000,"$446,000.00 "
Indeed Job Search,$0.00 ,38681,4,4,4+,Business,IOS,4.3,4.5,674730,$0.00 ,Everyone,Business,GOOGLE,9.5,10000,"$446,000.00 "
Peggle Blast,$0.00 ,11528,4,4,9+,Games,IOS,4.1,4,166251,$0.00 ,Everyone,Card,GOOGLE,9,10000,"$422,000.00 "
UNO ™ & Friends,$0.00 ,68911,4,4,9+,Games,IOS,4.1,4,1728557,$0.00 ,Everyone,Card,GOOGLE,9,10000,"$422,000.00 "
Deck Heroes: Legacy,$0.00 ,494,4,4,17+,Games,IOS,4.7,4.5,466495,$0.00 ,Teen,Card,GOOGLE,9.5,10000,"$446,000.00 "
Solitaire,$0.00 ,679055,4.5,4.5,4+,Games,IOS,4.7,4.5,254258,$0.00 ,Everyone,Card,GOOGLE,10,10000,"$470,000.00 "
Dumb Ways to Die 2: The Games,$0.00 ,11295,4,4,12+,Games,IOS,4.2,4,1671658,$0.00 ,Teen,Casual,GOOGLE,9,10000,"$422,000.00 "
Angry Birds 2,$0.00 ,109104,4,4,4+,Games,IOS,4.6,4.5,3883589,$0.00 ,Everyone,Casual,GOOGLE,9.5,10000,"$446,000.00 "
My Emma :),$0.00 ,8412,4.5,4.5,4+,Games,IOS,4.1,4,245839,$0.00 ,Everyone,Casual,GOOGLE,9.5,10000,"$446,000.00 "
The Simpsons™: Tapped Out,$0.00 ,274501,4,4,12+,Games,IOS,4.3,4.5,636995,$0.00 ,Teen,Casual,GOOGLE,9.5,10000,"$446,000.00 "
Bejeweled Classic,$0.00 ,183259,4.5,4.5,4+,Games,IOS,4.4,4.5,203101,$0.00 ,Everyone,Casual,GOOGLE,10,10000,"$470,000.00 "
Candy Crush Saga,$0.00 ,961794,4.5,4.5,4+,Games,IOS,4.4,4.5,22426677,$0.00 ,Everyone,Casual,GOOGLE,10,10000,"$470,000.00 "
Candy Crush Soda Saga,$0.00 ,133394,4.5,4.5,4+,Games,IOS,4.4,4.5,6198563,$0.00 ,Everyone,Casual,GOOGLE,10,10000,"$470,000.00 "
Farm Heroes Saga,$0.00 ,187579,4.5,4.5,4+,Games,IOS,4.4,4.5,7614130,$0.00 ,Everyone,Casual,GOOGLE,10,10000,"$470,000.00 "
Hay Day,$0.00 ,567344,4.5,4.5,4+,Games,IOS,4.5,4.5,10053186,$0.00 ,Everyone,Casual,GOOGLE,10,10000,"$470,000.00 "
My Horse,$0.00 ,293857,4.5,4.5,4+,Games,IOS,4.5,4.5,1333338,$0.00 ,Everyone,Casual,GOOGLE,10,10000,"$470,000.00 "
My Talking Angela,$0.00 ,54549,4.5,4.5,4+,Games,IOS,4.5,4.5,9881829,$0.00 ,Everyone,Casual,GOOGLE,10,10000,"$470,000.00 "
My Talking Tom,$0.00 ,123859,4.5,4.5,4+,Games,IOS,4.5,4.5,14891223,$0.00 ,Everyone,Casual,GOOGLE,10,10000,"$470,000.00 "
Plants vs. Zombies™ 2,$0.00 ,267394,4.5,4.5,9+,Games,IOS,4.4,4.5,567632,$0.00 ,Everyone 10+,Casual,GOOGLE,10,10000,"$470,000.00 "
Pou,$0.00 ,3783,4.5,4.5,4+,Games,IOS,4.3,4.5,10485308,$0.00 ,Everyone,Casual,GOOGLE,10,10000,"$470,000.00 "
Talking Tom Bubble Shooter,$0.00 ,2659,4.5,4.5,4+,Games,IOS,4.4,4.5,687136,$0.00 ,Everyone,Casual,GOOGLE,10,10000,"$470,000.00 "
Township,$0.00 ,80801,4.5,4.5,4+,Games,IOS,4.6,4.5,4451317,$0.00 ,Everyone,Casual,GOOGLE,10,10000,"$470,000.00 "
PewDiePie's Tuber Simulator,$0.00 ,90851,5,5,9+,Games,IOS,4.8,5,1499466,$0.00 ,Teen,Casual,GOOGLE,11,10000,"$518,000.00 "
Thomas & Friends: Race On!,$0.00 ,89,3,3,4+,Games,IOS,4.1,4,29319,$0.00 ,Everyone,Casual;Action & Adventure,GOOGLE,8,10000,"$374,000.00 "
My Little Pony: Harmony Quest,$0.00 ,2265,4,4,4+,Entertainment,IOS,4.1,4,148295,$0.00 ,Everyone,Casual;Action & Adventure,GOOGLE,9,10000,"$422,000.00 "
Plants vs. Zombies™ Heroes,$0.00 ,16305,4.5,4.5,9+,Games,IOS,4.4,4.5,379415,$0.00 ,Everyone,Casual;Action & Adventure,GOOGLE,10,10000,"$470,000.00 "
Animal Jam - Play Wild!,$0.00 ,26990,4.5,4.5,9+,Games,IOS,4.6,4.5,361970,$0.00 ,Everyone,Casual;Pretend Play,GOOGLE,10,10000,"$470,000.00 "
Hangouts,$0.00 ,36404,4,4,4+,Social Networking,IOS,4,4,3419249,$0.00 ,Everyone,Communication,GOOGLE,9,10000,"$422,000.00 "
WEB.DE Mail,$0.00 ,168,4,4,4+,Productivity,IOS,4.3,4.5,226541,$0.00 ,Everyone,Communication,GOOGLE,9.5,10000,"$446,000.00 "
Kik,$0.00 ,260965,4,4,12+,Social Networking,IOS,4.3,4.5,2451136,$0.00 ,Teen,Communication,GOOGLE,9.5,10000,"$446,000.00 "
WeChat,$0.00 ,34584,4.5,4.5,12+,Social Networking,IOS,4.2,4,5387333,$0.00 ,Everyone,Communication,GOOGLE,9.5,10000,"$446,000.00 "
Firefox Focus: The privacy browser,$0.00 ,477,4,4,17+,Utilities,IOS,4.4,4.5,36880,$0.00 ,Everyone,Communication,GOOGLE,9.5,10000,"$446,000.00 "
Puffin Web Browser,$0.00 ,11677,4,4,17+,Utilities,IOS,4.3,4.5,541389,$0.00 ,Everyone,Communication,GOOGLE,9.5,10000,"$446,000.00 "
GMX Mail,$0.00 ,102,4.5,4.5,4+,Productivity,IOS,4.3,4.5,258556,$0.00 ,Everyone,Communication,GOOGLE,10,10000,"$470,000.00 "
Discord - Chat for Gamers,$0.00 ,9152,4.5,4.5,4+,Social Networking,IOS,4.5,4.5,305347,$0.00 ,Teen,Communication,GOOGLE,10,10000,"$470,000.00 "
GroupMe,$0.00 ,28260,4.5,4.5,4+,Social Networking,IOS,4.5,4.5,330761,$0.00 ,Everyone,Communication,GOOGLE,10,10000,"$470,000.00 "
WhatsApp Messenger,$0.00 ,287589,4.5,4.5,4+,Social Networking,IOS,4.4,4.5,69119316,$0.00 ,Everyone,Communication,GOOGLE,10,10000,"$470,000.00 "
Edmodo,$0.00 ,7197,3.5,3.5,4+,Education,IOS,4.1,4,200058,$0.00 ,Everyone,Education,GOOGLE,8.5,10000,"$398,000.00 "
Google Classroom,$0.00 ,5942,4,4,4+,Education,IOS,4.2,4,69493,$0.00 ,Everyone,Education,GOOGLE,9,10000,"$422,000.00 "
TED,$0.00 ,5782,3.5,3.5,12+,Education,IOS,4.6,4.5,181893,$0.00 ,Everyone 10+,Education,GOOGLE,9,10000,"$422,000.00 "
Kids A-Z,$0.00 ,2887,3.5,3.5,4+,Education,IOS,4.2,4,26426,$0.00 ,Everyone,Education;Education,GOOGLE,8.5,10000,"$398,000.00 "
ClassDojo,$0.00 ,35440,4.5,4.5,4+,Education,IOS,4.4,4.5,148550,$0.00 ,Everyone,Education;Education,GOOGLE,10,10000,"$470,000.00 "
Star Chart,$0.00 ,13482,4.5,4.5,4+,Education,IOS,4.3,4.5,128808,$0.00 ,Everyone,Education;Education,GOOGLE,10,10000,"$470,000.00 "
PBS KIDS Video,$0.00 ,8651,3.5,3.5,4+,Education,IOS,4.2,4,36212,$0.00 ,Everyone,Education;Music & Video,GOOGLE,8.5,10000,"$398,000.00 "
LEGO® Juniors Create & Cruise,$0.00 ,6152,4,4,4+,Games,IOS,4.1,4,673203,$0.00 ,Everyone,Educational;Action & Adventure,GOOGLE,9,10000,"$422,000.00 "
AMC,$0.00 ,3105,2,2,12+,Entertainment,IOS,3.2,3,20843,$0.00 ,Teen,Entertainment,GOOGLE,6,10000,"$278,000.00 "
BET NOW - Watch Shows,$0.00 ,967,2.5,2.5,17+,Entertainment,IOS,4.2,4,14807,$0.00 ,Teen,Entertainment,GOOGLE,7.5,10000,"$350,000.00 "
MTV,$0.00 ,5987,2.5,2.5,12+,Entertainment,IOS,3.8,4,35279,$0.00 ,Teen,Entertainment,GOOGLE,7.5,10000,"$350,000.00 "
SHOWTIME,$0.00 ,1214,2.5,2.5,17+,Entertainment,IOS,4.2,4,12398,$0.00 ,Teen,Entertainment,GOOGLE,7.5,10000,"$350,000.00 "
Redbox,$0.00 ,60236,3,3,12+,Entertainment,IOS,4.1,4,115033,$0.00 ,Everyone,Entertainment,GOOGLE,8,10000,"$374,000.00 "
DIRECTV,$0.00 ,81006,3.5,3.5,4+,Entertainment,IOS,4.1,4,235486,$0.00 ,Teen,Entertainment,GOOGLE,8.5,10000,"$398,000.00 "
Amazon Prime Video,$0.00 ,43667,4,4,12+,Entertainment,IOS,4.2,4,411683,$0.00 ,Teen,Entertainment,GOOGLE,9,10000,"$422,000.00 "
iFunny :),$0.00 ,98344,3.5,3.5,17+,Entertainment,IOS,4.4,4.5,503757,$0.00 ,Mature 17+,Entertainment,GOOGLE,9,10000,"$422,000.00 "
Netflix,$0.00 ,308844,3.5,3.5,4+,Entertainment,IOS,4.4,4.5,5456208,$0.00 ,Teen,Entertainment,GOOGLE,9,10000,"$422,000.00 "
STARZ,$0.00 ,8971,3.5,3.5,17+,Entertainment,IOS,4.3,4.5,88185,$0.00 ,Mature 17+,Entertainment,GOOGLE,9,10000,"$422,000.00 "
Tom's Love Letters,$0.00 ,27711,4,4,4+,Entertainment,IOS,4.1,4,705805,$0.00 ,Everyone,Entertainment,GOOGLE,9,10000,"$422,000.00 "
Fandango Movies - Times + Tickets,$0.00 ,291787,4,4,4+,Entertainment,IOS,4.6,4.5,243747,$0.00 ,Teen,Entertainment,GOOGLE,9.5,10000,"$446,000.00 "
Talking Ginger 2,$0.00 ,8311,4.5,4.5,4+,Entertainment,IOS,4.2,4,702975,$0.00 ,Everyone,Entertainment,GOOGLE,9.5,10000,"$446,000.00 "
WWE,$0.00 ,7553,4,4,12+,Entertainment,IOS,4.5,4.5,736864,$0.00 ,Teen,Entertainment,GOOGLE,9.5,10000,"$446,000.00 "
Regal Cinemas,$0.00 ,13257,4.5,4.5,4+,Entertainment,IOS,4.3,4.5,32732,$0.00 ,Everyone,Entertainment,GOOGLE,10,10000,"$470,000.00 "
The CW,$0.00 ,97368,4.5,4.5,12+,Entertainment,IOS,4.4,4.5,288150,$0.00 ,Teen,Entertainment,GOOGLE,10,10000,"$470,000.00 "
Xbox,$0.00 ,72187,4.5,4.5,12+,Entertainment,IOS,4.3,4.5,556659,$0.00 ,Everyone,Entertainment,GOOGLE,10,10000,"$470,000.00 "
Mad Libs,$0.00 ,117889,3,3,4+,Entertainment,IOS,4,4,8126,$0.00 ,Everyone,Entertainment;Brain Games,GOOGLE,8,10000,"$374,000.00 "
Nick,$0.00 ,13237,3.5,3.5,4+,Entertainment,IOS,4.2,4,123279,$0.00 ,Everyone 10+,Entertainment;Music & Video,GOOGLE,8.5,10000,"$398,000.00 "
YouTube Kids,$0.00 ,28560,4.5,4.5,4+,Entertainment,IOS,4.5,4.5,470089,$0.00 ,Everyone,Entertainment;Music & Video,GOOGLE,10,10000,"$470,000.00 "
U by BB&T,$0.00 ,790,2,2,4+,Finance,IOS,4.3,4.5,16600,$0.00 ,Everyone,Finance,GOOGLE,7.5,10000,"$350,000.00 "
Citi Mobile®,$0.00 ,48822,3.5,3.5,4+,Finance,IOS,4,4,78306,$0.00 ,Everyone,Finance,GOOGLE,8.5,10000,"$398,000.00 "
Wells Fargo Mobile,$0.00 ,43064,3,3,4+,Finance,IOS,4.4,4.5,250706,$0.00 ,Everyone,Finance,GOOGLE,8.5,10000,"$398,000.00 "
Amex Mobile,$0.00 ,11421,4,4,4+,Finance,IOS,4.3,4.5,24729,$0.00 ,Everyone,Finance,GOOGLE,9.5,10000,"$446,000.00 "
USAA Mobile,$0.00 ,19946,4,4,4+,Finance,IOS,4.5,4.5,100997,$0.00 ,Everyone,Finance,GOOGLE,9.5,10000,"$446,000.00 "
Chase Mobile,$0.00 ,34322,4.5,4.5,4+,Finance,IOS,4.6,4.5,1374549,$0.00 ,Everyone,Finance,GOOGLE,10,10000,"$470,000.00 "
McDonald's,$0.00 ,4050,2,2,4+,Food & Drink,IOS,3.6,3.5,145323,$0.00 ,Everyone,Food & Drink,GOOGLE,6.5,10000,"$302,000.00 "
Whataburger,$0.00 ,197,3,3,4+,Food & Drink,IOS,4.5,4.5,5093,$0.00 ,Everyone,Food & Drink,GOOGLE,8.5,10000,"$398,000.00 "
Allrecipes Dinner Spinner,$0.00 ,109349,3.5,3.5,12+,Food & Drink,IOS,4.5,4.5,61881,$0.00 ,Everyone,Food & Drink,GOOGLE,9,10000,"$422,000.00 "
Chick-fil-A,$0.00 ,5665,3.5,3.5,4+,Food & Drink,IOS,4.3,4.5,28008,$0.00 ,Everyone,Food & Drink,GOOGLE,9,10000,"$422,000.00 "
SONIC Drive-In,$0.00 ,1645,4,4,4+,Food & Drink,IOS,4.3,4.5,19314,$0.00 ,Everyone,Food & Drink,GOOGLE,9.5,10000,"$446,000.00 "
DoorDash - Food Delivery,$0.00 ,25947,4.5,4.5,4+,Food & Drink,IOS,4.5,4.5,104504,$0.00 ,Everyone,Food & Drink,GOOGLE,10,10000,"$470,000.00 "
Starbucks,$0.00 ,303856,4.5,4.5,4+,Food & Drink,IOS,4.5,4.5,455377,$0.00 ,Everyone,Food & Drink,GOOGLE,10,10000,"$470,000.00 "
Domino's Pizza USA,$0.00 ,258624,5,5,4+,Food & Drink,IOS,4.7,4.5,1032935,$0.00 ,Everyone,Food & Drink,GOOGLE,10.5,10000,"$494,000.00 "
Geocaching®,$0.00 ,12811,3.5,3.5,4+,Navigation,IOS,4.1,4,62616,$0.00 ,Teen,Health & Fitness,GOOGLE,8.5,10000,"$398,000.00 "
Fitbit,$0.00 ,90496,4,4,4+,Health & Fitness,IOS,3.9,4,357417,$0.00 ,Everyone,Health & Fitness,GOOGLE,9,10000,"$422,000.00 "
Seven - 7 Minute Workout Training Challenge,$0.00 ,6808,4.5,4.5,4+,Health & Fitness,IOS,4.5,4.5,75571,$0.00 ,Everyone,Health & Fitness,GOOGLE,10,10000,"$470,000.00 "
Philips Hue,$0.00 ,1999,1.5,1.5,4+,Lifestyle,IOS,3.1,3,10006,$0.00 ,Everyone,Lifestyle,GOOGLE,5.5,10000,"$254,000.00 "
myChevrolet,$0.00 ,1083,2,2,17+,Lifestyle,IOS,3.5,3.5,6747,$0.00 ,Everyone,Lifestyle,GOOGLE,6.5,10000,"$302,000.00 "
T-Mobile Tuesdays,$0.00 ,3213,2.5,2.5,17+,Lifestyle,IOS,4,4,53144,$0.00 ,Everyone,Lifestyle,GOOGLE,7.5,10000,"$350,000.00 "
H&M,$0.00 ,687,3,3,4+,Shopping,IOS,3.7,3.5,41941,$0.00 ,Everyone,Lifestyle,GOOGLE,7.5,10000,"$350,000.00 "
Tinder,$0.00 ,143040,3.5,3.5,17+,Lifestyle,IOS,4,4,2789775,$0.00 ,Mature 17+,Lifestyle,GOOGLE,8.5,10000,"$398,000.00 "
Fuel Rewards® program,$0.00 ,2249,4.5,4.5,4+,Shopping,IOS,4.6,4.5,32433,$0.00 ,Everyone,Lifestyle,GOOGLE,10,10000,"$470,000.00 "
Uber,$0.00 ,49466,3,3,4+,Travel,IOS,4.2,4,4928420,$0.00 ,Everyone,Maps & Navigation,GOOGLE,8,10000,"$374,000.00 "
DB Navigator,$0.00 ,512,3.5,3.5,4+,Travel,IOS,4,4,119685,$0.00 ,Everyone,Maps & Navigation,GOOGLE,8.5,10000,"$398,000.00 "
Just Dance Now,$0.00 ,2535,3.5,3.5,4+,Games,IOS,4.2,4,794058,$0.00 ,Everyone,Music,GOOGLE,8.5,10000,"$398,000.00 "
Sky News,$0.00 ,118,3,3,12+,News,IOS,4,4,30287,$0.00 ,Everyone 10+,News & Magazines,GOOGLE,8,10000,"$374,000.00 "
NBC News,$0.00 ,32881,3.5,3.5,12+,News,IOS,4.1,4,63020,$0.00 ,Everyone 10+,News & Magazines,GOOGLE,8.5,10000,"$398,000.00 "
USA TODAY,$0.00 ,61724,3.5,3.5,4+,News,IOS,4.1,4,49259,$0.00 ,Everyone 10+,News & Magazines,GOOGLE,8.5,10000,"$398,000.00 "
Twitter,$0.00 ,354058,3.5,3.5,17+,News,IOS,4.3,4.5,11667403,$0.00 ,Mature 17+,News & Magazines,GOOGLE,9,10000,"$422,000.00 "
The Washington Post Classic,$0.00 ,18572,4.5,4.5,12+,News,IOS,4.5,4.5,23158,$0.00 ,Everyone 10+,News & Magazines,GOOGLE,10,10000,"$470,000.00 "
The Guardian,$0.00 ,8176,5,5,12+,News,IOS,4.7,4.5,247992,$0.00 ,Teen,News & Magazines,GOOGLE,10.5,10000,"$494,000.00 "
Boomerang from Instagram,$0.00 ,2373,3.5,3.5,4+,Photo & Video,IOS,4.4,4.5,928720,$0.00 ,Everyone,Photography,GOOGLE,9,10000,"$422,000.00 "
VSCO,$0.00 ,11174,3.5,3.5,12+,Photo & Video,IOS,4.4,4.5,753115,$0.00 ,Everyone,Photography,GOOGLE,9,10000,"$422,000.00 "
Snapseed,$0.00 ,8683,4,4,4+,Photo & Video,IOS,4.5,4.5,823109,$0.00 ,Everyone,Photography,GOOGLE,9.5,10000,"$446,000.00 "
Photo Editor-,$0.00 ,9095,4.5,4.5,4+,Photo & Video,IOS,4.3,4.5,68070,$0.00 ,Everyone,Photography,GOOGLE,10,10000,"$470,000.00 "
Photo Editor by Aviary,$0.00 ,39501,4.5,4.5,12+,Photo & Video,IOS,4.4,4.5,1490732,$0.00 ,Everyone,Photography,GOOGLE,10,10000,"$470,000.00 "
PicsArt Photo Studio: Collage Maker & Pic Editor,$0.00 ,29078,4.5,4.5,12+,Photo & Video,IOS,4.5,4.5,7594559,$0.00 ,Teen,Photography,GOOGLE,10,10000,"$470,000.00 "
Adobe Illustrator Draw,$0.00 ,3215,4.5,4.5,4+,Productivity,IOS,4.4,4.5,65766,$0.00 ,Everyone,Photography,GOOGLE,10,10000,"$470,000.00 "
myAT&T,$0.00 ,108507,3,3,4+,Utilities,IOS,3.7,3.5,80847,$0.00 ,Everyone,Productivity,GOOGLE,7.5,10000,"$350,000.00 "
Dropbox,$0.00 ,49578,3.5,3.5,4+,Productivity,IOS,4.4,4.5,1861310,$0.00 ,Everyone,Productivity,GOOGLE,9,10000,"$422,000.00 "
Google Slides,$0.00 ,9920,4,4,4+,Productivity,IOS,4.2,4,244567,$0.00 ,Everyone,Productivity,GOOGLE,9,10000,"$422,000.00 "
Microsoft PowerPoint,$0.00 ,10939,4,4,4+,Productivity,IOS,4.5,4.5,618798,$0.00 ,Everyone,Productivity,GOOGLE,9.5,10000,"$446,000.00 "
Google Docs,$0.00 ,64259,4.5,4.5,4+,Productivity,IOS,4.3,4.5,815981,$0.00 ,Everyone,Productivity,GOOGLE,10,10000,"$470,000.00 "
Google Sheets,$0.00 ,24602,4.5,4.5,4+,Productivity,IOS,4.3,4.5,496399,$0.00 ,Everyone,Productivity,GOOGLE,10,10000,"$470,000.00 "
Microsoft Excel,$0.00 ,24430,4.5,4.5,4+,Productivity,IOS,4.5,4.5,1079491,$0.00 ,Everyone,Productivity,GOOGLE,10,10000,"$470,000.00 "
Microsoft OneNote,$0.00 ,39638,4.5,4.5,4+,Productivity,IOS,4.4,4.5,480643,$0.00 ,Everyone,Productivity,GOOGLE,10,10000,"$470,000.00 "
Microsoft Word,$0.00 ,47999,4.5,4.5,4+,Productivity,IOS,4.5,4.5,2084126,$0.00 ,Everyone,Productivity,GOOGLE,10,10000,"$470,000.00 "
Trello,$0.00 ,2793,4.5,4.5,4+,Productivity,IOS,4.5,4.5,72513,$0.00 ,Everyone,Productivity,GOOGLE,10,10000,"$470,000.00 "
Verizon Cloud,$0.00 ,6482,4.5,4.5,4+,Productivity,IOS,4.3,4.5,185632,$0.00 ,Everyone,Productivity,GOOGLE,10,10000,"$470,000.00 "
Bejeweled Blitz,$0.00 ,221002,4,4,4+,Games,IOS,4.2,4,222664,$0.00 ,Everyone,Puzzle,GOOGLE,9,10000,"$422,000.00 "
Candy Crush Jelly Saga,$0.00 ,32395,4,4,4+,Games,IOS,4.3,4.5,1300490,$0.00 ,Everyone,Puzzle,GOOGLE,9.5,10000,"$446,000.00 "
Angry Birds Blast,$0.00 ,24878,4.5,4.5,4+,Games,IOS,4.6,4.5,253115,$0.00 ,Everyone,Puzzle,GOOGLE,10,10000,"$470,000.00 "
Bad Piggies,$0.00 ,26259,4.5,4.5,4+,Games,IOS,4.3,4.5,1168959,$0.00 ,Everyone,Puzzle,GOOGLE,10,10000,"$470,000.00 "
Bad Piggies HD,$0.00 ,19018,4.5,4.5,4+,Games,IOS,4.4,4.5,764967,$0.00 ,Everyone,Puzzle,GOOGLE,10,10000,"$470,000.00 "
Fishdom,$0.00 ,39217,4.5,4.5,4+,Games,IOS,4.6,4.5,2157930,$0.00 ,Everyone,Puzzle,GOOGLE,10,10000,"$470,000.00 "
Flow Free,$0.00 ,373857,4.5,4.5,4+,Games,IOS,4.3,4.5,1295557,$0.00 ,Everyone,Puzzle,GOOGLE,10,10000,"$470,000.00 "
Toy Blast,$0.00 ,75822,4.5,4.5,4+,Games,IOS,4.7,4.5,1889250,$0.00 ,Everyone,Puzzle,GOOGLE,10,10000,"$470,000.00 "
Frozen Free Fall,$0.00 ,50593,4.5,4.5,4+,Games,IOS,4.3,4.5,1574197,$0.00 ,Everyone,Puzzle;Action & Adventure,GOOGLE,10,10000,"$470,000.00 "
PAC-MAN Pop,$0.00 ,1000,4.5,4.5,4+,Games,IOS,4.3,4.5,24877,$0.00 ,Everyone,Puzzle;Action & Adventure,GOOGLE,10,10000,"$470,000.00 "
Inside Out Thought Bubbles,$0.00 ,21881,4.5,4.5,4+,Games,IOS,4.4,4.5,623398,$0.00 ,Everyone,Puzzle;Brain Games,GOOGLE,10,10000,"$470,000.00 "
Angry Birds Go!,$0.00 ,75793,4,4,4+,Games,IOS,4.2,4,3846378,$0.00 ,Everyone,Racing,GOOGLE,9,10000,"$422,000.00 "
Does not Commute,$0.00 ,5645,4,4,4+,Games,IOS,4,4,154108,$0.00 ,Everyone,Racing,GOOGLE,9,10000,"$422,000.00 "
Driving Zone,$0.00 ,298,4,4,4+,Games,IOS,4.2,4,51791,$0.00 ,Everyone,Racing,GOOGLE,9,10000,"$422,000.00 "
Asphalt 8: Airborne,$0.00 ,188568,4.5,4.5,12+,Games,IOS,4.5,4.5,8389714,$0.00 ,Teen,Racing,GOOGLE,10,10000,"$470,000.00 "
Gear.Club - True Racing,$0.00 ,2793,4.5,4.5,4+,Games,IOS,4.4,4.5,140658,$0.00 ,Everyone,Racing,GOOGLE,10,10000,"$470,000.00 "
Hill Climb Racing,$0.00 ,108183,4.5,4.5,9+,Games,IOS,4.4,4.5,8923587,$0.00 ,Everyone,Racing,GOOGLE,10,10000,"$470,000.00 "
Hill Climb Racing 2,$0.00 ,33854,4.5,4.5,9+,Games,IOS,4.6,4.5,2750410,$0.00 ,Everyone,Racing,GOOGLE,10,10000,"$470,000.00 "
Need for Speed™ No Limits,$0.00 ,34998,4.5,4.5,4+,Games,IOS,4.4,4.5,3344300,$0.00 ,Everyone 10+,Racing,GOOGLE,10,10000,"$470,000.00 "
Traffic Racer,$0.00 ,22458,4.5,4.5,4+,Games,IOS,4.5,4.5,5387639,$0.00 ,Everyone,Racing,GOOGLE,10,10000,"$470,000.00 "
Hot Wheels: Race Off,$0.00 ,3141,4.5,4.5,4+,Games,IOS,4.5,4.5,520609,$0.00 ,Everyone,Racing;Action & Adventure,GOOGLE,10,10000,"$470,000.00 "
Real Racing 3,$0.00 ,164483,4.5,4.5,4+,Games,IOS,4.5,4.5,354384,$0.00 ,Everyone,Racing;Action & Adventure,GOOGLE,10,10000,"$470,000.00 "
Cartoon Wars 3,$0.00 ,979,4,4,12+,Games,IOS,4.1,4,137674,$0.00 ,Teen,Role Playing,GOOGLE,9,10000,"$422,000.00 "
Angry Birds Epic RPG,$0.00 ,84680,4.5,4.5,4+,Games,IOS,4.5,4.5,2634605,$0.00 ,Everyone,Role Playing,GOOGLE,10,10000,"$470,000.00 "
FINAL FANTASY BRAVE EXVIUS,$0.00 ,28187,4.5,4.5,12+,Games,IOS,4.6,4.5,745684,$0.00 ,Teen,Role Playing,GOOGLE,10,10000,"$470,000.00 "
MARVEL Future Fight,$0.00 ,20906,4.5,4.5,9+,Games,IOS,4.6,4.5,2354042,$0.00 ,Everyone 10+,Role Playing,GOOGLE,10,10000,"$470,000.00 "
Star Wars™: Galaxy of Heroes,$0.00 ,122260,4.5,4.5,9+,Games,IOS,4.5,4.5,1461698,$0.00 ,Everyone 10+,Role Playing,GOOGLE,10,10000,"$470,000.00 "
Summoners War,$0.00 ,137122,4.5,4.5,12+,Games,IOS,4.3,4.5,2045554,$0.00 ,Teen,Role Playing,GOOGLE,10,10000,"$470,000.00 "
My College Bookstore,$0.00 ,225,2.5,2.5,4+,Shopping,IOS,3.2,3,661,$0.00 ,Everyone,Shopping,GOOGLE,6.5,10000,"$302,000.00 "
Best Buy,$0.00 ,80424,4,4,4+,Shopping,IOS,4.4,4.5,186116,$0.00 ,Everyone,Shopping,GOOGLE,9.5,10000,"$446,000.00 "
Wish - Shopping Made Fun,$0.00 ,141960,4.5,4.5,12+,Shopping,IOS,4.5,4.5,6210998,$0.00 ,Everyone,Shopping,GOOGLE,10,10000,"$470,000.00 "
ASOS,$0.00 ,9725,5,5,4+,Shopping,IOS,4.7,4.5,181798,$0.00 ,Everyone,Shopping,GOOGLE,10.5,10000,"$494,000.00 "
Choices: Stories You Play,$0.00 ,33698,4.5,4.5,12+,Games,IOS,4.6,4.5,807338,$0.00 ,Teen,Simulation,GOOGLE,10,10000,"$470,000.00 "
Design Home,$0.00 ,23298,4.5,4.5,4+,Games,IOS,4.4,4.5,539931,$0.00 ,Everyone,Simulation,GOOGLE,10,10000,"$470,000.00 "
Episode - Choose Your Story,$0.00 ,155903,4.5,4.5,12+,Games,IOS,4.3,4.5,1841061,$0.00 ,Teen,Simulation,GOOGLE,10,10000,"$470,000.00 "
Fallout Shelter,$0.00 ,199396,4.5,4.5,12+,Games,IOS,4.6,4.5,2719142,$0.00 ,Teen,Simulation,GOOGLE,10,10000,"$470,000.00 "
SimCity BuildIt,$0.00 ,198338,4.5,4.5,4+,Games,IOS,4.5,4.5,4218587,$0.00 ,Everyone 10+,Simulation,GOOGLE,10,10000,"$470,000.00 "
The Sims™ FreePlay,$0.00 ,446880,4.5,4.5,12+,Games,IOS,4.3,4.5,931595,$0.00 ,Teen,Simulation,GOOGLE,10,10000,"$470,000.00 "
"Egg, Inc.",$0.00 ,79074,5,5,4+,Games,IOS,4.7,4.5,580160,$0.00 ,Everyone,Simulation,GOOGLE,10.5,10000,"$494,000.00 "
Farming Simulator 14,$0.00 ,3615,4,4,4+,Games,IOS,4.5,4.5,530854,$0.00 ,Everyone,Simulation;Action & Adventure,GOOGLE,9.5,10000,"$446,000.00 "
Snapchat,$0.00 ,323905,2.5,2.5,12+,Photo & Video,IOS,4,4,17014787,$0.00 ,Teen,Social,GOOGLE,7.5,10000,"$350,000.00 "
Messenger,$0.00 ,351466,3,3,4+,Social Networking,IOS,4.1,4,68025,$0.00 ,Everyone,Social,GOOGLE,8,10000,"$374,000.00 "
Facebook,$0.00 ,2974676,3.5,3.5,4+,Social Networking,IOS,4.1,4,78158306,$0.00 ,Teen,Social,GOOGLE,8.5,10000,"$398,000.00 "
LinkedIn,$0.00 ,71856,3.5,3.5,4+,Social Networking,IOS,4.2,4,1225339,$0.00 ,Everyone,Social,GOOGLE,8.5,10000,"$398,000.00 "
Timehop,$0.00 ,49510,3.5,3.5,4+,Social Networking,IOS,4.1,4,161610,$0.00 ,Teen,Social,GOOGLE,8.5,10000,"$398,000.00 "
YouNow: Live Stream Video Chat,$0.00 ,12079,3.5,3.5,12+,Social Networking,IOS,4.1,4,309872,$0.00 ,Teen,Social,GOOGLE,8.5,10000,"$398,000.00 "
Tumblr,$0.00 ,334293,4,4,17+,Social Networking,IOS,4.4,4.5,2955326,$0.00 ,Mature 17+,Social,GOOGLE,9.5,10000,"$446,000.00 "
Instagram,$0.00 ,2161558,4.5,4.5,12+,Photo & Video,IOS,4.5,4.5,66577313,$0.00 ,Teen,Social,GOOGLE,10,10000,"$470,000.00 "
Pinterest,$0.00 ,1061624,4.5,4.5,12+,Social Networking,IOS,4.6,4.5,4305441,$0.00 ,Teen,Social,GOOGLE,10,10000,"$470,000.00 "
Wishbone - Compare Anything,$0.00 ,20649,4.5,4.5,12+,Social Networking,IOS,4.3,4.5,51569,$0.00 ,Teen,Social,GOOGLE,10,10000,"$470,000.00 "
NBC Sports,$0.00 ,47172,2.5,2.5,4+,Sports,IOS,3.1,3,78442,$0.00 ,Everyone,Sports,GOOGLE,6.5,10000,"$302,000.00 "
NCAA Sports,$0.00 ,636,2,2,4+,Sports,IOS,3.9,4,4272,$0.00 ,Everyone,Sports,GOOGLE,7,10000,"$326,000.00 "
NFL,$0.00 ,27317,2.5,2.5,4+,Sports,IOS,4.1,4,459795,$0.00 ,Everyone,Sports,GOOGLE,7.5,10000,"$350,000.00 "
NHL,$0.00 ,15554,3.5,3.5,4+,Sports,IOS,4,4,68935,$0.00 ,Everyone,Sports,GOOGLE,8.5,10000,"$398,000.00 "
"Univision Deportes: Liga MX, MLS, Fútbol En Vivo",$0.00 ,16683,3.5,3.5,4+,Sports,IOS,4.2,4,75566,$0.00 ,Everyone,Sports,GOOGLE,8.5,10000,"$398,000.00 "
NASCAR MOBILE,$0.00 ,16385,4,4,4+,Sports,IOS,4.2,4,80900,$0.00 ,Everyone,Sports,GOOGLE,9,10000,"$422,000.00 "
NBA,$0.00 ,43682,3.5,3.5,4+,Sports,IOS,4.4,4.5,108318,$0.00 ,Everyone,Sports,GOOGLE,9,10000,"$422,000.00 "
Premier League - Official App,$0.00 ,791,3.5,3.5,12+,Sports,IOS,4.3,4.5,63580,$0.00 ,Everyone,Sports,GOOGLE,9,10000,"$422,000.00 "
WatchESPN,$0.00 ,159735,4,4,4+,Sports,IOS,4.1,4,288809,$0.00 ,Everyone,Sports,GOOGLE,9,10000,"$422,000.00 "
Bike Unchained,$0.00 ,629,4,4,4+,Games,IOS,4.3,4.5,83545,$0.00 ,Everyone,Sports,GOOGLE,9.5,10000,"$446,000.00 "
Crazy Freekick,$0.00 ,228,4.5,4.5,4+,Games,IOS,3.9,4,47688,$0.00 ,Everyone,Sports,GOOGLE,9.5,10000,"$446,000.00 "
NBA LIVE Mobile Basketball,$0.00 ,40619,4,4,4+,Games,IOS,4.4,4.5,1690802,$0.00 ,Everyone,Sports,GOOGLE,9.5,10000,"$446,000.00 "
PES CLUB MANAGER,$0.00 ,3216,4.5,4.5,4+,Games,IOS,4.4,4.5,783025,$0.00 ,Everyone,Sports,GOOGLE,10,10000,"$470,000.00 "
Real Basketball,$0.00 ,198050,4.5,4.5,4+,Games,IOS,4.5,4.5,1605267,$0.00 ,Everyone,Sports,GOOGLE,10,10000,"$470,000.00 "
Score! Hero,$0.00 ,85395,4.5,4.5,4+,Games,IOS,4.6,4.5,5418675,$0.00 ,Everyone,Sports,GOOGLE,10,10000,"$470,000.00 "
WGT Golf Game by Topgolf,$0.00 ,53285,4.5,4.5,17+,Games,IOS,4.3,4.5,148083,$0.00 ,Everyone,Sports,GOOGLE,10,10000,"$470,000.00 "
Mobile Strike,$0.00 ,24935,3.5,3.5,12+,Games,IOS,3.9,4,903392,$0.00 ,Everyone 10+,Strategy,GOOGLE,8.5,10000,"$398,000.00 "
King of Avalon: Dragon Warfare,$0.00 ,3326,4,4,9+,Games,IOS,4.2,4,306652,$0.00 ,Everyone 10+,Strategy,GOOGLE,9,10000,"$422,000.00 "
aa,$0.00 ,158845,4.5,4.5,4+,Games,IOS,4.2,4,886418,$0.00 ,Everyone,Strategy,GOOGLE,9.5,10000,"$446,000.00 "
Army of Heroes,$0.00 ,1235,4.5,4.5,12+,Games,IOS,4.5,4.5,85015,$0.00 ,Everyone 10+,Strategy,GOOGLE,10,10000,"$470,000.00 "
Boom Beach,$0.00 ,241929,4.5,4.5,9+,Games,IOS,4.5,4.5,5591653,$0.00 ,Everyone 10+,Strategy,GOOGLE,10,10000,"$470,000.00 "
Clash of Clans,$0.00 ,2130805,4.5,4.5,9+,Games,IOS,4.6,4.5,44891723,$0.00 ,Everyone 10+,Strategy,GOOGLE,10,10000,"$470,000.00 "
Clash Royale,$0.00 ,266921,4.5,4.5,9+,Games,IOS,4.6,4.5,23133508,$0.00 ,Everyone 10+,Strategy,GOOGLE,10,10000,"$470,000.00 "
Narcos: Cartel Wars,$0.00 ,4490,4.5,4.5,12+,Games,IOS,4.7,4.5,244797,$0.00 ,Teen,Strategy,GOOGLE,10,10000,"$470,000.00 "
Epson iPrint,$0.00 ,2838,3,3,4+,Photo & Video,IOS,4.1,4,108169,$0.00 ,Everyone,Tools,GOOGLE,8,10000,"$374,000.00 "
Google Translate,$0.00 ,26786,3.5,3.5,4+,Reference,IOS,4.4,4.5,5745093,$0.00 ,Everyone,Tools,GOOGLE,9,10000,"$422,000.00 "
Speedtest by Ookla,$0.00 ,65016,3.5,3.5,4+,Utilities,IOS,4.4,4.5,1028794,$0.00 ,Everyone,Tools,GOOGLE,9,10000,"$422,000.00 "
T-Mobile,$0.00 ,19977,4,4,4+,Productivity,IOS,4.3,4.5,482630,$0.00 ,Everyone,Tools,GOOGLE,9.5,10000,"$446,000.00 "
SNCF,$0.00 ,7,1.5,1.5,4+,Travel,IOS,3.4,3.5,15750,$0.00 ,Everyone,Travel & Local,GOOGLE,6,10000,"$278,000.00 "
United Airlines,$0.00 ,5748,2.5,2.5,4+,Travel,IOS,3.5,3.5,30447,$0.00 ,Everyone,Travel & Local,GOOGLE,7,10000,"$326,000.00 "
Fly Delta,$0.00 ,8094,3,3,4+,Travel,IOS,3.7,3.5,27560,$0.00 ,Everyone,Travel & Local,GOOGLE,7.5,10000,"$350,000.00 "
Southwest Airlines,$0.00 ,30552,3,3,4+,Travel,IOS,3.9,4,24781,$0.00 ,Everyone,Travel & Local,GOOGLE,8,10000,"$374,000.00 "
Google Earth,$0.00 ,446185,3.5,3.5,4+,Travel,IOS,4.3,4.5,2338655,$0.00 ,Everyone,Travel & Local,GOOGLE,9,10000,"$422,000.00 "
Google Street View,$0.00 ,1450,4,4,4+,Travel,IOS,4.2,4,2129689,$0.00 ,Everyone,Travel & Local,GOOGLE,9,10000,"$422,000.00 "
Airbnb,$0.00 ,22302,4,4,4+,Travel,IOS,4.4,4.5,359403,$0.00 ,Everyone,Travel & Local,GOOGLE,9.5,10000,"$446,000.00 "
Trivia Crack,$0.00 ,393469,4.5,4.5,4+,Games,IOS,4.5,4.5,6427773,$0.00 ,Everyone,Trivia,GOOGLE,10,10000,"$470,000.00 "
Google Play Movies & TV,$0.00 ,1195,3,3,12+,Entertainment,IOS,3.7,3.5,906384,$0.00 ,Teen,Video Players & Editors,GOOGLE,7.5,10000,"$350,000.00 "
Dubsmash,$0.00 ,20243,4.5,4.5,12+,Entertainment,IOS,4.2,4,1971777,$0.00 ,Teen,Video Players & Editors,GOOGLE,9.5,10000,"$446,000.00 "
Yahoo Weather,$0.00 ,112603,4.5,4.5,4+,Weather,IOS,4.4,4.5,1312037,$0.00 ,Everyone,Weather,GOOGLE,10,10000,"$470,000.00 "
